PPPD-643,magnet:?xt=urn:btih:8c12439f499657bb9fc12706c45336bbac439907
CMN-149,magnet:?xt=urn:btih:8F837549A9DE4F39578CB83EBA81B38E2457627B
MIAE-218,magnet:?xt=urn:btih:34F9DE1D431D9C3A9D284F190361B0B101D84C60
MIDE-539,magnet:?xt=urn:btih:cdbe3c464c2eae1cb9dce69e1a48a7acbfff4661
MIDE-536,magnet:?xt=urn:btih:CA99D07E84BBCD2EAC2670F10C9091DB4F4241C2
HND-497,magnet:?xt=urn:btih:583E9B52874A8F35F47809CF513E6FD0DCE202CE
MIAE-183,magnet:?xt=urn:btih:963635e50fbea5a3028831d0bdd47cf48212fafc
HND-499,magnet:?xt=urn:btih:583E9B52874A8F35F47809CF513E6FD0DCE202CE
MIAE-195,magnet:?xt=urn:btih:f98ace860af74266e698890922dc3b2f12f840ed
EBOD-609,magnet:?xt=urn:btih:1fb009934359bacae35f964e1ed7d949a7d53f4b
SSNI-044,magnet:?xt=urn:btih:4287ef7448d7b97c206daa112f690e4bba960199
SGA-091,magnet:?xt=urn:btih:f668f390f61354c92919252eb99550ed0e1bab10
AVOP-202,magnet:?xt=urn:btih:da9fccfbd4681d41f0eebf06a0c431879fec27e7
VEQ-119,magnet:?xt=urn:btih:C89A3023F6F7B9571998E4628ECF05EA909489D6
LXVS-001,magnet:?xt=urn:btih:401af788a4116b33b5d59cbd282bd1f7047060c3
LXVS-002,magnet:?xt=urn:btih:8c2611e7c2a8a9774c81577ec4d3675ea8d03a14
LXVS-003,magnet:?xt=urn:btih:e554f2faf808bf9967b4110f67f8b2fa7f005206
LXVS-004,magnet:?xt=urn:btih:39137c871b1187c0b8383d0b105b67bafe9cbc32
LXVS-005,magnet:?xt=urn:btih:8836c2e7758d1181c9db5b482279621a19519b9e
LXVS-006,magnet:?xt=urn:btih:8c90a1de20ee1d6687d413787dc8ac39108a42be
LXVS-007,magnet:?xt=urn:btih:afd77773cc5a1bb507052b5a2470192f932fa88e
LXVS-008,magnet:?xt=urn:btih:6edf2e55468ef8292e39ff7f23d66b00397cd6a0
