CastingCouch-HD 17 12 15 Amilia Returns XXX 480p MP4-TK,magnet:?xt=urn:btih:IK27UEQNLMWFPDQYOH2SL5RA63LX6SJC&amp;dn=CastingCouch-HD+17+12+15+Amilia+Returns+XXX+480p+MP4-TK&amp;tr=udp://tracker.leechers-paradise.org:6969&amp;tr=udp://zer0day.ch:1337&amp;tr=udp://tracker.coppersurfer.tk:6969&amp;tr=udp://public.popcorn-tracker.org:6969
[DirtyWivesClub - NaughtyAmerica] Lana Rhoades (23617 - 27.12.2017),magnet:?xt=urn:btih:ZEJF4KCUWJHRPLCCBHVC5SIK26F7UKLB&amp;dn=%5BDirtyWivesClub+-+NaughtyAmerica%5D+Lana+Rhoades+%2823617+-+27.12.2017%29&amp;tr=udp://tracker.leechers-paradise.org:6969&amp;tr=udp://zer0day.ch:1337&amp;tr=udp://tracker.coppersurfer.tk:6969&amp;tr=udp://public.popcorn-tracker.org:6969
Big Tit Creampie 40 (2018) WEB-DL SPLIT SCENES MP4-KLEENEX,magnet:?xt=urn:btih:HP5M4VXYDXQM5NWGBSWEFT4FA5SQY5TZ&amp;dn=Big+Tit+Creampie+40+%282018%29+WEB-DL+SPLIT+SCENES+MP4-KLEENEX&amp;tr=udp://tracker.leechers-paradise.org:6969&amp;tr=udp://zer0day.ch:1337&amp;tr=udp://tracker.coppersurfer.tk:6969&amp;tr=udp://public.popcorn-tracker.org:6969
[SexArt - MetArt] Vanessa Decker (Your Day - 2018-01-03),magnet:?xt=urn:btih:LYVRX4YNGEZZSZ2F4DFLCKL2U263AJOO&amp;dn=%5BSexArt+-+MetArt%5D+Vanessa+Decker+%28Your+Day+-+2018-01-03%29&amp;tr=udp://tracker.leechers-paradise.org:6969&amp;tr=udp://zer0day.ch:1337&amp;tr=udp://tracker.coppersurfer.tk:6969&amp;tr=udp://public.popcorn-tracker.org:6969
[MonstersOfCock - BangBros] Valentina Nappi Big Meat for Valentina So Sweet (mc16261 - 07.01.2018),magnet:?xt=urn:btih:DVGOBE4SKPF4P6L2MUWP7BMBJLVJNND5&amp;dn=%5BMonstersOfCock+-+BangBros%5D+Valentina+Nappi+Big+Meat+for+Valentina+So+Sweet+%28mc16261+-+07.01.2018%29&amp;tr=udp://tracker.leechers-paradise.org:6969&amp;tr=udp://zer0day.ch:1337&amp;tr=udp://tracker.coppersurfer.tk:6969&amp;tr=udp://public.popcorn-tracker.org:6969
Pure18 18 01 09 Sadie Pop Fresh Pussy Special XXX 480p MP4-TK,magnet:?xt=urn:btih:6HSU4NTBTFXEANTLUS33TKXQ4U3KSWGI&amp;dn=Pure18+18+01+09+Sadie+Pop+Fresh+Pussy+Special+XXX+480p+MP4-TK&amp;tr=udp://tracker.leechers-paradise.org:6969&amp;tr=udp://zer0day.ch:1337&amp;tr=udp://tracker.coppersurfer.tk:6969&amp;tr=udp://public.popcorn-tracker.org:6969
[ReadyOrNotHereICum] Maria Antonia Alzate - ColombiAnal adventure (10 01 2018)   mp4,magnet:?xt=urn:btih:WMFCOKPYLJ2T2J7ZUJWRS76ARLI2F7Q4&amp;dn=%5BReadyOrNotHereICum%5D+Maria+Antonia+Alzate+-+ColombiAnal+adventure+%2810+01+2018%29+++mp4&amp;tr=udp://tracker.leechers-paradise.org:6969&amp;tr=udp://zer0day.ch:1337&amp;tr=udp://tracker.coppersurfer.tk:6969&amp;tr=udp://public.popcorn-tracker.org:6969
Screwing Wall Street - The Arrangement Finders IPO 2015 WEB-DL 720p MP4-KLEENEX,magnet:?xt=urn:btih:HU5WOA6NEFT62OTOMRK5WWEK5AVXOOCI&amp;dn=Screwing+Wall+Street+-+The+Arrangement+Finders+IPO+2015+WEB-DL+720p+MP4-KLEENEX&amp;tr=udp://tracker.leechers-paradise.org:6969&amp;tr=udp://zer0day.ch:1337&amp;tr=udp://tracker.coppersurfer.tk:6969&amp;tr=udp://public.popcorn-tracker.org:6969
[BigWetButts - Brazzers] Ryan Conner Cream My Jeans (05.01.2018),magnet:?xt=urn:btih:E43GKJ2NOA332W6LK4ZWSPWXN6YSZGH6&amp;dn=%5BBigWetButts+-+Brazzers%5D+Ryan+Conner+Cream+My+Jeans+%2805.01.2018%29&amp;tr=udp://tracker.leechers-paradise.org:6969&amp;tr=udp://zer0day.ch:1337&amp;tr=udp://tracker.coppersurfer.tk:6969&amp;tr=udp://public.popcorn-tracker.org:6969
[Vixen] Alix Lynx - The Layover (30 12 2017)   (1k) mp4,magnet:?xt=urn:btih:ZRGJ6MJZU5HKB5Z653DI56U44VMUKVHZ&amp;dn=%5BVixen%5D+Alix+Lynx+-+The+Layover+%2830+12+2017%29+++%281k%29+mp4&amp;tr=udp://tracker.leechers-paradise.org:6969&amp;tr=udp://zer0day.ch:1337&amp;tr=udp://tracker.coppersurfer.tk:6969&amp;tr=udp://public.popcorn-tracker.org:6969
[BrazzersExxtra Brazzers] Victoria June - Hot Mic (22 12 2017) mp4,magnet:?xt=urn:btih:DZIHKL6HXZC22OQM7LGGV4F4PPKMGN4T&amp;dn=%5BBrazzersExxtra+Brazzers%5D+Victoria+June+-+Hot+Mic+%2822+12+2017%29+mp4&amp;tr=udp://tracker.leechers-paradise.org:6969&amp;tr=udp://zer0day.ch:1337&amp;tr=udp://tracker.coppersurfer.tk:6969&amp;tr=udp://public.popcorn-tracker.org:6969
[PornstarsLikeItBig Brazzers] Kelsi Monroe - Trolling For Trolls (01 01 2018) mp4,magnet:?xt=urn:btih:NDRWWMOS6UF5R5GGDZTYJN3VBVP5X7MF&amp;dn=%5BPornstarsLikeItBig+Brazzers%5D+Kelsi+Monroe+-+Trolling+For+Trolls+%2801+01+2018%29+mp4&amp;tr=udp://tracker.leechers-paradise.org:6969&amp;tr=udp://zer0day.ch:1337&amp;tr=udp://tracker.coppersurfer.tk:6969&amp;tr=udp://public.popcorn-tracker.org:6969
My First Porno 13 (2018) WEB-DL SPLIT SCENES MP4-KLEENEX,magnet:?xt=urn:btih:HN7ANZ5FSJBQGW4QFKJNRIDWCUR2P7LM&amp;dn=My+First+Porno+13+%282018%29+WEB-DL+SPLIT+SCENES+MP4-KLEENEX&amp;tr=udp://tracker.leechers-paradise.org:6969&amp;tr=udp://zer0day.ch:1337&amp;tr=udp://tracker.coppersurfer.tk:6969&amp;tr=udp://public.popcorn-tracker.org:6969
[DirtyWivesClub - NaughtyAmerica] Lena Paul (23653 - 07.01.2018),magnet:?xt=urn:btih:AKVCAF2XWA6V6CRDKCPA5HQQ376ZF2IM&amp;dn=%5BDirtyWivesClub+-+NaughtyAmerica%5D+Lena+Paul+%2823653+-+07.01.2018%29&amp;tr=udp://tracker.leechers-paradise.org:6969&amp;tr=udp://zer0day.ch:1337&amp;tr=udp://tracker.coppersurfer.tk:6969&amp;tr=udp://public.popcorn-tracker.org:6969
[MyGirlfriendsBustyFriend] Alexis Fawx (30 12 2017)   mp4,magnet:?xt=urn:btih:BKZCOKC2M4J6HF67CK6OKYN3NTBQ36IJ&amp;dn=%5BMyGirlfriendsBustyFriend%5D+Alexis+Fawx+%2830+12+2017%29+++mp4&amp;tr=udp://tracker.leechers-paradise.org:6969&amp;tr=udp://zer0day.ch:1337&amp;tr=udp://tracker.coppersurfer.tk:6969&amp;tr=udp://public.popcorn-tracker.org:6969
[PublicAgent - FakeHub] Lili Parker aka Julia Parker Sexy ass hunting on the streets (04.01.2018),magnet:?xt=urn:btih:FZXXX2DUVMQTMI5VGRYYIOJDANSX37EM&amp;dn=%5BPublicAgent+-+FakeHub%5D+Lili+Parker+aka+Julia+Parker+Sexy+ass+hunting+on+the+streets+%2804.01.2018%29&amp;tr=udp://tracker.leechers-paradise.org:6969&amp;tr=udp://zer0day.ch:1337&amp;tr=udp://tracker.coppersurfer.tk:6969&amp;tr=udp://public.popcorn-tracker.org:6969
Bang Bros Invasion 22 (2017) WEB-DL SPLIT SCENES MP4-KLEENEX,magnet:?xt=urn:btih:S7QD35XAYVTDQSIOX7OBXM55K4HBJDD3&amp;dn=Bang+Bros+Invasion+22+%282017%29+WEB-DL+SPLIT+SCENES+MP4-KLEENEX&amp;tr=udp://tracker.leechers-paradise.org:6969&amp;tr=udp://zer0day.ch:1337&amp;tr=udp://tracker.coppersurfer.tk:6969&amp;tr=udp://public.popcorn-tracker.org:6969
Mandingo Massacre 13 XXX iNTERNAL 480p WEBRiP MP4-TK,magnet:?xt=urn:btih:3VHQQYXMEXTBHYCNHMXVF2W4YHE66OLF&amp;dn=Mandingo+Massacre+13+XXX+iNTERNAL+480p+WEBRiP+MP4-TK&amp;tr=udp://tracker.leechers-paradise.org:6969&amp;tr=udp://zer0day.ch:1337&amp;tr=udp://tracker.coppersurfer.tk:6969&amp;tr=udp://public.popcorn-tracker.org:6969
[DoctorAdventures] Adriana Chechik - Porn Preference Test (30 12 2017)   (1k) mp4,magnet:?xt=urn:btih:S6ORN3TGGWALS2EQZDHC4ZGLTKYJ3ZAD&amp;dn=%5BDoctorAdventures%5D+Adriana+Chechik+-+Porn+Preference+Test+%2830+12+2017%29+++%281k%29+mp4&amp;tr=udp://tracker.leechers-paradise.org:6969&amp;tr=udp://zer0day.ch:1337&amp;tr=udp://tracker.coppersurfer.tk:6969&amp;tr=udp://public.popcorn-tracker.org:6969
Bang Bus 69 (2018) WEB-DL SPLIT SCENES MP4-KLEENEX,magnet:?xt=urn:btih:A672DCH6WUHRSRQGKGFAMP2RYSOD7VCK&amp;dn=Bang+Bus+69+%282018%29+WEB-DL+SPLIT+SCENES+MP4-KLEENEX&amp;tr=udp://tracker.leechers-paradise.org:6969&amp;tr=udp://zer0day.ch:1337&amp;tr=udp://tracker.coppersurfer.tk:6969&amp;tr=udp://public.popcorn-tracker.org:6969
Submissived 18 01 08 Sarah Banks XXX 480p MP4-TK,magnet:?xt=urn:btih:JBT4COIL7VESWI2Y352IPXEJXI7GCOL2&amp;dn=Submissived+18+01+08+Sarah+Banks+XXX+480p+MP4-TK&amp;tr=udp://tracker.leechers-paradise.org:6969&amp;tr=udp://zer0day.ch:1337&amp;tr=udp://tracker.coppersurfer.tk:6969&amp;tr=udp://public.popcorn-tracker.org:6969
Foot Art 6 (2017) WEB-DL 540p SPLIT SCENES MP4-KLEENEX,magnet:?xt=urn:btih:PG2NMMJXZXKY6MMNRINQVODVL5XV4UD4&amp;dn=Foot+Art+6+%282017%29+WEB-DL+540p+SPLIT+SCENES+MP4-KLEENEX&amp;tr=udp://tracker.leechers-paradise.org:6969&amp;tr=udp://zer0day.ch:1337&amp;tr=udp://tracker.coppersurfer.tk:6969&amp;tr=udp://public.popcorn-tracker.org:6969
DorcelClub 18 01 08 Jessa Rhodes And Clea Gaultier Swinging By The Pool XXX 480p MP4-TK,magnet:?xt=urn:btih:TFLFXACWY2K6ACAKZXLX6IYNYTUMFT3K&amp;dn=DorcelClub+18+01+08+Jessa+Rhodes+And+Clea+Gaultier+Swinging+By+The+Pool+XXX+480p+MP4-TK&amp;tr=udp://tracker.leechers-paradise.org:6969&amp;tr=udp://zer0day.ch:1337&amp;tr=udp://tracker.coppersurfer.tk:6969&amp;tr=udp://public.popcorn-tracker.org:6969
HardX 18 01 09 Gina Valentina Teens Love Anal XXX 480p MP4-TK,magnet:?xt=urn:btih:2HFO4DYWQLAX2YEVMSXF4UKR52RBIBBM&amp;dn=HardX+18+01+09+Gina+Valentina+Teens+Love+Anal+XXX+480p+MP4-TK&amp;tr=udp://tracker.leechers-paradise.org:6969&amp;tr=udp://zer0day.ch:1337&amp;tr=udp://tracker.coppersurfer.tk:6969&amp;tr=udp://public.popcorn-tracker.org:6969
[NaughtyRichGirls - NaughtyAmerica] Lacey Channing (23679 - 05.01.2018),magnet:?xt=urn:btih:EJGA3EKR7ZS3B44ZISIKCWHMEOBIGJX3&amp;dn=%5BNaughtyRichGirls+-+NaughtyAmerica%5D+Lacey+Channing+%2823679+-+05.01.2018%29&amp;tr=udp://tracker.leechers-paradise.org:6969&amp;tr=udp://zer0day.ch:1337&amp;tr=udp://tracker.coppersurfer.tk:6969&amp;tr=udp://public.popcorn-tracker.org:6969
